patient_id,name,age,maternal_age,gestational_week,gender,fetal_heart_rate,estimated_fetal_weight_g,presentation,scan_type,brain_scan_filename,cardiac_signal_filename,expected_demo_result,expected_brain_analysis,expected_cardiac_analysis,risk_score,risk_percent,risk_status,notes,data_tag
PAT-1001,John Smith,21,21,24.0,Female,137.8,550,Transverse,MRI,PAT-1001_brain.png,PAT-1001_fhr.csv,Normal,Normal Morphology,Normal Reactive FHR,0.06,6.0,Low Risk,Synthetic demo profile for John Smith. Generated for academic AI multi-modal evaluation.,SYNTHETIC DEMONSTRATION DATA — NOT FOR CLINICAL USE
PAT-1002,Sarah Johnson,28,28,27.3,Female,135.4,1169,Cephalic,Ultrasound,PAT-1002_brain.png,PAT-1002_fhr.csv,Normal,Normal Morphology,Normal Reactive FHR,0.085,8.5,Low Risk,Synthetic demo profile for Sarah Johnson. Generated for academic AI multi-modal evaluation.,SYNTHETIC DEMONSTRATION DATA — NOT FOR CLINICAL USE
PAT-1003,Michael Brown,35,35,30.6,Female,143.4,1788,Cephalic,MRI,PAT-1003_brain.png,PAT-1003_fhr.csv,Normal,Normal Morphology,Normal Reactive FHR,0.11,11.0,Low Risk,Synthetic demo profile for Michael Brown. Generated for academic AI multi-modal evaluation.,SYNTHETIC DEMONSTRATION DATA — NOT FOR CLINICAL USE
PAT-1004,Emily Davis,21,21,33.9,Female,134.2,2407,Cephalic,Ultrasound,PAT-1004_brain.png,PAT-1004_fhr.csv,Normal,Normal Morphology,Normal Reactive FHR,0.135,13.5,Low Risk,Synthetic demo profile for Emily Davis. Generated for academic AI multi-modal evaluation.,SYNTHETIC DEMONSTRATION DATA — NOT FOR CLINICAL USE
PAT-1005,David Wilson,28,28,37.2,Female,142.0,3026,Transverse,MRI,PAT-1005_brain.png,PAT-1005_fhr.csv,Normal,Normal Morphology,Normal Reactive FHR,0.16,16.0,Low Risk,Synthetic demo profile for David Wilson. Generated for academic AI multi-modal evaluation.,SYNTHETIC DEMONSTRATION DATA — NOT FOR CLINICAL USE
PAT-1006,Jessica Taylor,35,35,24.5,Female,144.4,640,Cephalic,Ultrasound,PAT-1006_brain.png,PAT-1006_fhr.csv,Normal,Normal Morphology,Normal Reactive FHR,0.185,18.5,Low Risk,Synthetic demo profile for Jessica Taylor. Generated for academic AI multi-modal evaluation.,SYNTHETIC DEMONSTRATION DATA — NOT FOR CLINICAL USE
PAT-1007,James Anderson,21,21,27.8,Female,140.6,1259,Cephalic,MRI,PAT-1007_brain.png,PAT-1007_fhr.csv,Normal,Normal Morphology,Normal Reactive FHR,0.06,6.0,Low Risk,Synthetic demo profile for James Anderson. Generated for academic AI multi-modal evaluation.,SYNTHETIC DEMONSTRATION DATA — NOT FOR CLINICAL USE
PAT-1008,Ashley Thomas,28,28,31.1,Female,141.9,1878,Cephalic,Ultrasound,PAT-1008_brain.png,PAT-1008_fhr.csv,Normal,Normal Morphology,Normal Reactive FHR,0.085,8.5,Low Risk,Synthetic demo profile for Ashley Thomas. Generated for academic AI multi-modal evaluation.,SYNTHETIC DEMONSTRATION DATA — NOT FOR CLINICAL USE
PAT-1009,Robert Jackson,35,35,34.4,Female,142.6,2497,Transverse,MRI,PAT-1009_brain.png,PAT-1009_fhr.csv,Normal,Normal Morphology,Normal Reactive FHR,0.11,11.0,Low Risk,Synthetic demo profile for Robert Jackson. Generated for academic AI multi-modal evaluation.,SYNTHETIC DEMONSTRATION DATA — NOT FOR CLINICAL USE
PAT-1010,Amanda White,21,21,37.7,Female,139.2,3116,Cephalic,Ultrasound,PAT-1010_brain.png,PAT-1010_fhr.csv,Normal,Normal Morphology,Normal Reactive FHR,0.135,13.5,Low Risk,Synthetic demo profile for Amanda White. Generated for academic AI multi-modal evaluation.,SYNTHETIC DEMONSTRATION DATA — NOT FOR CLINICAL USE
PAT-1011,William Harris,28,28,25.0,Female,141.7,730,Cephalic,MRI,PAT-1011_brain.png,PAT-1011_fhr.csv,Normal,Normal Morphology,Normal Reactive FHR,0.16,16.0,Low Risk,Synthetic demo profile for William Harris. Generated for academic AI multi-modal evaluation.,SYNTHETIC DEMONSTRATION DATA — NOT FOR CLINICAL USE
PAT-1012,Stephanie Martin,35,35,28.3,Female,134.5,1349,Cephalic,Ultrasound,PAT-1012_brain.png,PAT-1012_fhr.csv,Normal,Normal Morphology,Normal Reactive FHR,0.185,18.5,Low Risk,Synthetic demo profile for Stephanie Martin. Generated for academic AI multi-modal evaluation.,SYNTHETIC DEMONSTRATION DATA — NOT FOR CLINICAL USE
PAT-1013,Joseph Thompson,21,21,31.6,Female,145.9,1968,Transverse,MRI,PAT-1013_brain.png,PAT-1013_fhr.csv,Normal,Normal Morphology,Normal Reactive FHR,0.06,6.0,Low Risk,Synthetic demo profile for Joseph Thompson. Generated for academic AI multi-modal evaluation.,SYNTHETIC DEMONSTRATION DATA — NOT FOR CLINICAL USE
PAT-1014,Melissa Garcia,28,28,34.9,Female,138.1,2587,Cephalic,Ultrasound,PAT-1014_brain.png,PAT-1014_fhr.csv,Normal,Normal Morphology,Normal Reactive FHR,0.085,8.5,Low Risk,Synthetic demo profile for Melissa Garcia. Generated for academic AI multi-modal evaluation.,SYNTHETIC DEMONSTRATION DATA — NOT FOR CLINICAL USE
PAT-1015,Charles Martinez,35,35,38.2,Female,148.0,3206,Cephalic,MRI,PAT-1015_brain.png,PAT-1015_fhr.csv,Normal,Normal Morphology,Normal Reactive FHR,0.11,11.0,Low Risk,Synthetic demo profile for Charles Martinez. Generated for academic AI multi-modal evaluation.,SYNTHETIC DEMONSTRATION DATA — NOT FOR CLINICAL USE
PAT-1016,Nicole Robinson,21,21,25.5,Female,148.4,820,Cephalic,Ultrasound,PAT-1016_brain.png,PAT-1016_fhr.csv,Normal,Normal Morphology,Normal Reactive FHR,0.135,13.5,Low Risk,Synthetic demo profile for Nicole Robinson. Generated for academic AI multi-modal evaluation.,SYNTHETIC DEMONSTRATION DATA — NOT FOR CLINICAL USE
PAT-1017,Thomas Clark,28,28,28.8,Female,135.1,1439,Transverse,MRI,PAT-1017_brain.png,PAT-1017_fhr.csv,Normal,Normal Morphology,Normal Reactive FHR,0.16,16.0,Low Risk,Synthetic demo profile for Thomas Clark. Generated for academic AI multi-modal evaluation.,SYNTHETIC DEMONSTRATION DATA — NOT FOR CLINICAL USE
PAT-1018,Elizabeth Rodriguez,35,35,32.1,Female,133.5,2058,Cephalic,Ultrasound,PAT-1018_brain.png,PAT-1018_fhr.csv,Normal,Normal Morphology,Normal Reactive FHR,0.185,18.5,Low Risk,Synthetic demo profile for Elizabeth Rodriguez. Generated for academic AI multi-modal evaluation.,SYNTHETIC DEMONSTRATION DATA — NOT FOR CLINICAL USE
PAT-1019,Daniel Lewis,21,21,35.4,Female,137.2,2676,Cephalic,MRI,PAT-1019_brain.png,PAT-1019_fhr.csv,Normal,Normal Morphology,Normal Reactive FHR,0.06,6.0,Low Risk,Synthetic demo profile for Daniel Lewis. Generated for academic AI multi-modal evaluation.,SYNTHETIC DEMONSTRATION DATA — NOT FOR CLINICAL USE
PAT-1020,Heather Lee,28,28,38.7,Female,143.6,3296,Cephalic,Ultrasound,PAT-1020_brain.png,PAT-1020_fhr.csv,Normal,Normal Morphology,Normal Reactive FHR,0.085,8.5,Low Risk,Synthetic demo profile for Heather Lee. Generated for academic AI multi-modal evaluation.,SYNTHETIC DEMONSTRATION DATA — NOT FOR CLINICAL USE
PAT-1021,Matthew Walker,35,35,26.0,Female,147.5,910,Transverse,MRI,PAT-1021_brain.png,PAT-1021_fhr.csv,Normal,Normal Morphology,Normal Reactive FHR,0.11,11.0,Low Risk,Synthetic demo profile for Matthew Walker. Generated for academic AI multi-modal evaluation.,SYNTHETIC DEMONSTRATION DATA — NOT FOR CLINICAL USE
PAT-1022,Amber Hall,21,21,29.3,Female,136.2,1529,Cephalic,Ultrasound,PAT-1022_brain.png,PAT-1022_fhr.csv,Normal,Normal Morphology,Normal Reactive FHR,0.135,13.5,Low Risk,Synthetic demo profile for Amber Hall. Generated for academic AI multi-modal evaluation.,SYNTHETIC DEMONSTRATION DATA — NOT FOR CLINICAL USE
PAT-1023,Anthony Allen,28,28,32.6,Female,145.3,2148,Cephalic,MRI,PAT-1023_brain.png,PAT-1023_fhr.csv,Normal,Normal Morphology,Normal Reactive FHR,0.16,16.0,Low Risk,Synthetic demo profile for Anthony Allen. Generated for academic AI multi-modal evaluation.,SYNTHETIC DEMONSTRATION DATA — NOT FOR CLINICAL USE
PAT-1024,Megan Young,35,35,35.9,Female,145.6,2766,Cephalic,Ultrasound,PAT-1024_brain.png,PAT-1024_fhr.csv,Normal,Normal Morphology,Normal Reactive FHR,0.185,18.5,Low Risk,Synthetic demo profile for Megan Young. Generated for academic AI multi-modal evaluation.,SYNTHETIC DEMONSTRATION DATA — NOT FOR CLINICAL USE
PAT-1025,Donald Hernandez,21,21,39.2,Female,143.5,3386,Transverse,MRI,PAT-1025_brain.png,PAT-1025_fhr.csv,Normal,Normal Morphology,Normal Reactive FHR,0.06,6.0,Low Risk,Synthetic demo profile for Donald Hernandez. Generated for academic AI multi-modal evaluation.,SYNTHETIC DEMONSTRATION DATA — NOT FOR CLINICAL USE
PAT-1026,Rachel King,28,28,26.5,Female,139.9,1000,Cephalic,Ultrasound,PAT-1026_brain.png,PAT-1026_fhr.csv,Normal,Normal Morphology,Normal Reactive FHR,0.085,8.5,Low Risk,Synthetic demo profile for Rachel King. Generated for academic AI multi-modal evaluation.,SYNTHETIC DEMONSTRATION DATA — NOT FOR CLINICAL USE
PAT-1027,Mark Wright,35,35,29.8,Female,133.3,1619,Cephalic,MRI,PAT-1027_brain.png,PAT-1027_fhr.csv,Normal,Normal Morphology,Normal Reactive FHR,0.11,11.0,Low Risk,Synthetic demo profile for Mark Wright. Generated for academic AI multi-modal evaluation.,SYNTHETIC DEMONSTRATION DATA — NOT FOR CLINICAL USE
PAT-1028,Lauren Lopez,21,21,33.1,Female,143.7,2238,Cephalic,Ultrasound,PAT-1028_brain.png,PAT-1028_fhr.csv,Normal,Normal Morphology,Normal Reactive FHR,0.135,13.5,Low Risk,Synthetic demo profile for Lauren Lopez. Generated for academic AI multi-modal evaluation.,SYNTHETIC DEMONSTRATION DATA — NOT FOR CLINICAL USE
PAT-1029,Paul Hill,28,28,36.4,Female,134.9,2856,Transverse,MRI,PAT-1029_brain.png,PAT-1029_fhr.csv,Normal,Normal Morphology,Normal Reactive FHR,0.16,16.0,Low Risk,Synthetic demo profile for Paul Hill. Generated for academic AI multi-modal evaluation.,SYNTHETIC DEMONSTRATION DATA — NOT FOR CLINICAL USE
PAT-1030,Kayla Scott,35,35,39.7,Female,139.6,3476,Cephalic,Ultrasound,PAT-1030_brain.png,PAT-1030_fhr.csv,Normal,Normal Morphology,Normal Reactive FHR,0.185,18.5,Low Risk,Synthetic demo profile for Kayla Scott. Generated for academic AI multi-modal evaluation.,SYNTHETIC DEMONSTRATION DATA — NOT FOR CLINICAL USE
PAT-1031,Andrew Green,21,21,27.0,Female,153.6,1090,Cephalic,MRI,PAT-1031_brain.png,PAT-1031_fhr.csv,Suspect,Mild Ventricle Asymmetry / Variation,Reduced Variability / Tachycardia,0.44,44.0,Requires Review,Synthetic demo profile for Andrew Green. Generated for academic AI multi-modal evaluation.,SYNTHETIC DEMONSTRATION DATA — NOT FOR CLINICAL USE
PAT-1032,Victoria Adams,28,28,30.3,Female,159.7,1709,Cephalic,Ultrasound,PAT-1032_brain.png,PAT-1032_fhr.csv,Suspect,Mild Ventricle Asymmetry / Variation,Reduced Variability / Tachycardia,0.485,48.5,Requires Review,Synthetic demo profile for Victoria Adams. Generated for academic AI multi-modal evaluation.,SYNTHETIC DEMONSTRATION DATA — NOT FOR CLINICAL USE
PAT-1033,Joshua Baker,35,35,33.6,Female,160.4,2328,Transverse,MRI,PAT-1033_brain.png,PAT-1033_fhr.csv,Suspect,Mild Ventricle Asymmetry / Variation,Reduced Variability / Tachycardia,0.53,53.0,Requires Review,Synthetic demo profile for Joshua Baker. Generated for academic AI multi-modal evaluation.,SYNTHETIC DEMONSTRATION DATA — NOT FOR CLINICAL USE
PAT-1034,Brittany Gonzalez,21,21,36.9,Female,163.7,2946,Cephalic,Ultrasound,PAT-1034_brain.png,PAT-1034_fhr.csv,Suspect,Mild Ventricle Asymmetry / Variation,Reduced Variability / Tachycardia,0.575,57.5,Requires Review,Synthetic demo profile for Brittany Gonzalez. Generated for academic AI multi-modal evaluation.,SYNTHETIC DEMONSTRATION DATA — NOT FOR CLINICAL USE
PAT-1035,Kenneth Nelson,28,28,24.2,Female,153.8,685,Cephalic,MRI,PAT-1035_brain.png,PAT-1035_fhr.csv,Suspect,Mild Ventricle Asymmetry / Variation,Reduced Variability / Tachycardia,0.62,62.0,Requires Review,Synthetic demo profile for Kenneth Nelson. Generated for academic AI multi-modal evaluation.,SYNTHETIC DEMONSTRATION DATA — NOT FOR CLINICAL USE
PAT-1036,Samantha Carter,35,35,27.5,Female,163.7,1180,Cephalic,Ultrasound,PAT-1036_brain.png,PAT-1036_fhr.csv,Suspect,Mild Ventricle Asymmetry / Variation,Reduced Variability / Tachycardia,0.44,44.0,Requires Review,Synthetic demo profile for Samantha Carter. Generated for academic AI multi-modal evaluation.,SYNTHETIC DEMONSTRATION DATA — NOT FOR CLINICAL USE
PAT-1037,Kevin Mitchell,21,21,30.8,Female,159.6,1799,Transverse,MRI,PAT-1037_brain.png,PAT-1037_fhr.csv,Suspect,Mild Ventricle Asymmetry / Variation,Reduced Variability / Tachycardia,0.485,48.5,Requires Review,Synthetic demo profile for Kevin Mitchell. Generated for academic AI multi-modal evaluation.,SYNTHETIC DEMONSTRATION DATA — NOT FOR CLINICAL USE
PAT-1038,Danielle Perez,28,28,34.1,Female,163.0,2418,Cephalic,Ultrasound,PAT-1038_brain.png,PAT-1038_fhr.csv,Suspect,Mild Ventricle Asymmetry / Variation,Reduced Variability / Tachycardia,0.53,53.0,Requires Review,Synthetic demo profile for Danielle Perez. Generated for academic AI multi-modal evaluation.,SYNTHETIC DEMONSTRATION DATA — NOT FOR CLINICAL USE
PAT-1039,Brian Roberts,35,35,37.4,Female,158.6,3036,Cephalic,MRI,PAT-1039_brain.png,PAT-1039_fhr.csv,Suspect,Mild Ventricle Asymmetry / Variation,Reduced Variability / Tachycardia,0.575,57.5,Requires Review,Synthetic demo profile for Brian Roberts. Generated for academic AI multi-modal evaluation.,SYNTHETIC DEMONSTRATION DATA — NOT FOR CLINICAL USE
PAT-1040,Hannah Turner,21,21,24.7,Female,164.7,775,Cephalic,Ultrasound,PAT-1040_brain.png,PAT-1040_fhr.csv,Suspect,Mild Ventricle Asymmetry / Variation,Reduced Variability / Tachycardia,0.62,62.0,Requires Review,Synthetic demo profile for Hannah Turner. Generated for academic AI multi-modal evaluation.,SYNTHETIC DEMONSTRATION DATA — NOT FOR CLINICAL USE
PAT-1041,George Phillips,28,28,28.0,Female,153.1,1270,Transverse,MRI,PAT-1041_brain.png,PAT-1041_fhr.csv,Suspect,Mild Ventricle Asymmetry / Variation,Reduced Variability / Tachycardia,0.44,44.0,Requires Review,Synthetic demo profile for George Phillips. Generated for academic AI multi-modal evaluation.,SYNTHETIC DEMONSTRATION DATA — NOT FOR CLINICAL USE
PAT-1042,Courtney Campbell,35,35,31.3,Female,155.4,1889,Cephalic,Ultrasound,PAT-1042_brain.png,PAT-1042_fhr.csv,Suspect,Mild Ventricle Asymmetry / Variation,Reduced Variability / Tachycardia,0.485,48.5,Requires Review,Synthetic demo profile for Courtney Campbell. Generated for academic AI multi-modal evaluation.,SYNTHETIC DEMONSTRATION DATA — NOT FOR CLINICAL USE
PAT-1043,Edward Parker,21,21,34.6,Female,166.8,2508,Cephalic,MRI,PAT-1043_brain.png,PAT-1043_fhr.csv,Pathological,Pronounced Ventriculomegaly / Abnormality,Late Decelerations / Severe Bradycardia,0.884,88.4,High Risk / Acute Intervention,Synthetic demo profile for Edward Parker. Generated for academic AI multi-modal evaluation.,SYNTHETIC DEMONSTRATION DATA — NOT FOR CLINICAL USE
PAT-1044,Rebecca Evans,28,28,37.9,Female,86.0,3126,Cephalic,Ultrasound,PAT-1044_brain.png,PAT-1044_fhr.csv,Pathological,Pronounced Ventriculomegaly / Abnormality,Late Decelerations / Severe Bradycardia,0.926,92.6,High Risk / Acute Intervention,Synthetic demo profile for Rebecca Evans. Generated for academic AI multi-modal evaluation.,SYNTHETIC DEMONSTRATION DATA — NOT FOR CLINICAL USE
PAT-1045,Ronald Edwards,35,35,25.2,Female,161.6,865,Transverse,MRI,PAT-1045_brain.png,PAT-1045_fhr.csv,Pathological,Pronounced Ventriculomegaly / Abnormality,Late Decelerations / Severe Bradycardia,0.8,80.0,High Risk / Acute Intervention,Synthetic demo profile for Ronald Edwards. Generated for academic AI multi-modal evaluation.,SYNTHETIC DEMONSTRATION DATA — NOT FOR CLINICAL USE
PAT-1046,Vanessa Collins,21,21,28.5,Female,156.4,1360,Cephalic,Ultrasound,PAT-1046_brain.png,PAT-1046_fhr.csv,Pathological,Pronounced Ventriculomegaly / Abnormality,Late Decelerations / Severe Bradycardia,0.842,84.2,High Risk / Acute Intervention,Synthetic demo profile for Vanessa Collins. Generated for academic AI multi-modal evaluation.,SYNTHETIC DEMONSTRATION DATA — NOT FOR CLINICAL USE
PAT-1047,Timothy Stewart,28,28,31.8,Female,166.4,1979,Cephalic,MRI,PAT-1047_brain.png,PAT-1047_fhr.csv,Pathological,Pronounced Ventriculomegaly / Abnormality,Late Decelerations / Severe Bradycardia,0.884,88.4,High Risk / Acute Intervention,Synthetic demo profile for Timothy Stewart. Generated for academic AI multi-modal evaluation.,SYNTHETIC DEMONSTRATION DATA — NOT FOR CLINICAL USE
PAT-1048,Tiffany Sanchez,35,35,35.1,Female,90.0,2598,Cephalic,Ultrasound,PAT-1048_brain.png,PAT-1048_fhr.csv,Pathological,Pronounced Ventriculomegaly / Abnormality,Late Decelerations / Severe Bradycardia,0.926,92.6,High Risk / Acute Intervention,Synthetic demo profile for Tiffany Sanchez. Generated for academic AI multi-modal evaluation.,SYNTHETIC DEMONSTRATION DATA — NOT FOR CLINICAL USE
PAT-1049,Jason Morris,21,21,38.4,Female,165.6,3216,Transverse,MRI,PAT-1049_brain.png,PAT-1049_fhr.csv,Pathological,Pronounced Ventriculomegaly / Abnormality,Late Decelerations / Severe Bradycardia,0.8,80.0,High Risk / Acute Intervention,Synthetic demo profile for Jason Morris. Generated for academic AI multi-modal evaluation.,SYNTHETIC DEMONSTRATION DATA — NOT FOR CLINICAL USE
PAT-1050,Katherine Rogers,28,28,25.7,Female,93.9,955,Cephalic,Ultrasound,PAT-1050_brain.png,PAT-1050_fhr.csv,Pathological,Pronounced Ventriculomegaly / Abnormality,Late Decelerations / Severe Bradycardia,0.842,84.2,High Risk / Acute Intervention,Synthetic demo profile for Katherine Rogers. Generated for academic AI multi-modal evaluation.,SYNTHETIC DEMONSTRATION DATA — NOT FOR CLINICAL USE
