time_seconds,fetal_heart_rate
0.0,142.51
0.25,143.97
0.5,145.85
0.75,145.21
1.0,145.45
1.25,143.4
1.5,146.42
1.75,145.8
2.0,145.33
2.25,144.5
2.51,146.31
2.76,144.7
3.01,147.39
3.26,143.34
3.51,147.52
3.76,149.14
4.01,147.91
4.26,146.8
4.51,145.03
4.76,148.38
5.01,145.19
5.26,144.51
5.51,147.56
5.76,145.55
6.01,147.37
6.26,147.75
6.51,148.33
6.76,147.94
7.01,144.88
7.27,147.7
7.52,149.54
7.77,145.53
8.02,145.54
8.27,145.3
8.52,144.4
8.77,145.27
9.02,146.16
9.27,146.84
9.52,146.69
9.77,144.07
10.02,147.68
10.27,148.94
10.52,145.09
10.77,143.53
11.02,145.74
11.27,144.84
11.52,144.26
11.77,144.58
12.03,142.36
12.28,146.04
12.53,143.95
12.78,142.46
13.03,138.3
13.28,145.8
13.53,142.93
13.78,142.52
14.03,146.44
14.28,141.87
14.53,140.78
14.78,144.57
15.03,139.66
15.28,142.84
15.53,139.17
15.78,142.08
16.03,140.81
16.28,137.44
16.53,142.63
16.78,138.53
17.04,143.17
17.29,144.01
17.54,138.58
17.79,138.5
18.04,141.42
18.29,137.83
18.54,139.54
18.79,142.98
19.04,139.64
19.29,143.06
19.54,137.39
19.79,138.0
20.04,141.22
20.29,141.28
20.54,141.16
20.79,139.09
21.04,141.45
21.29,142.84
21.54,140.76
21.8,140.93
22.05,139.56
22.3,142.99
22.55,141.94
22.8,140.15
23.05,141.71
23.3,142.48
23.55,140.66
23.8,144.31
24.05,148.12
24.3,146.06
24.55,146.44
24.8,145.33
25.05,148.84
25.3,144.18
25.55,146.9
25.8,145.45
26.05,149.12
26.3,147.95
26.56,150.8
26.81,146.85
27.06,153.22
27.31,153.05
27.56,152.08
27.81,152.41
28.06,154.99
28.31,152.82
28.56,154.3
28.81,156.29
29.06,156.82
29.31,156.44
29.56,154.43
29.81,156.66
30.06,155.39
30.31,153.24
30.56,156.18
30.81,156.15
31.06,154.32
31.32,155.69
31.57,161.06
31.82,159.78
32.07,158.89
32.32,162.83
32.57,161.11
32.82,163.03
33.07,160.59
33.32,161.93
33.57,161.46
33.82,160.04
34.07,160.86
34.32,160.04
34.57,162.66
34.82,160.09
35.07,162.52
35.32,165.3
35.57,161.4
35.82,165.11
36.08,164.89
36.33,163.07
36.58,164.73
36.83,163.76
37.08,169.03
37.33,167.24
37.58,165.89
37.83,164.17
38.08,163.98
38.33,164.76
38.58,167.03
38.83,166.78
39.08,166.81
39.33,164.93
39.58,167.48
39.83,169.58
40.08,166.58
40.33,168.39
40.58,165.07
40.84,166.73
41.09,166.46
41.34,171.52
41.59,167.94
41.84,166.85
42.09,168.66
42.34,171.61
42.59,167.05
42.84,170.95
43.09,170.11
43.34,168.88
43.59,169.55
43.84,168.96
44.09,170.46
44.34,167.21
44.59,171.39
44.84,172.65
45.09,169.18
45.34,171.31
45.59,164.13
45.85,168.1
46.1,168.98
46.35,168.27
46.6,169.48
46.85,169.78
47.1,169.71
47.35,167.71
47.6,167.52
47.85,168.9
48.1,165.89
48.35,169.6
48.6,167.43
48.85,165.33
49.1,167.85
49.35,163.71
49.6,167.82
49.85,166.99
50.1,167.71
50.35,165.83
50.61,163.2
50.86,165.7
51.11,163.83
51.36,161.93
51.61,160.06
51.86,162.55
52.11,161.13
52.36,159.94
52.61,161.83
52.86,158.85
53.11,159.0
53.36,159.11
53.61,158.99
53.86,156.12
54.11,157.8
54.36,155.46
54.61,156.49
54.86,154.0
55.11,158.16
55.37,156.09
55.62,150.68
55.87,154.39
56.12,153.46
56.37,155.27
56.62,153.09
56.87,147.42
57.12,154.13
57.37,150.69
57.62,148.57
57.87,146.18
58.12,148.55
58.37,147.75
58.62,148.5
58.87,146.77
59.12,149.1
59.37,149.23
59.62,148.79
59.87,149.98
60.13,145.45
60.38,146.39
60.63,148.19
60.88,145.96
61.13,144.95
61.38,143.75
61.63,146.34
61.88,144.58
62.13,138.09
62.38,145.62
62.63,141.91
62.88,144.98
63.13,143.17
63.38,143.17
63.63,146.11
63.88,141.7
64.13,144.2
64.38,141.02
64.63,143.78
64.89,140.0
65.14,139.17
65.39,136.53
65.64,141.35
65.89,138.85
66.14,142.66
66.39,142.16
66.64,140.72
66.89,140.07
67.14,139.99
67.39,137.01
67.64,138.03
67.89,138.75
68.14,140.12
68.39,140.0
68.64,139.72
68.89,142.31
69.14,144.61
69.39,141.01
69.65,141.57
69.9,144.07
70.15,142.75
70.4,143.79
70.65,140.34
70.9,139.79
71.15,141.27
71.4,138.51
71.65,141.13
71.9,143.99
72.15,143.3
72.4,144.42
72.65,142.32
72.9,142.55
73.15,141.45
73.4,140.9
73.65,143.06
73.9,140.64
74.15,143.59
74.41,143.1
74.66,139.79
74.91,140.88
75.16,139.66
75.41,144.9
75.66,143.77
75.91,142.62
76.16,146.11
76.41,147.67
76.66,144.51
76.91,146.31
77.16,146.69
77.41,147.54
77.66,143.88
77.91,149.35
78.16,143.41
78.41,146.6
78.66,144.38
78.91,143.22
79.16,149.38
79.42,147.53
79.67,148.97
79.92,148.29
80.17,148.62
80.42,145.78
80.67,143.26
80.92,147.84
81.17,147.59
81.42,147.05
81.67,152.42
81.92,144.84
82.17,147.1
82.42,148.53
82.67,146.0
82.92,150.52
83.17,144.89
83.42,147.63
83.67,147.45
83.92,142.88
84.18,147.09
84.43,148.82
84.68,144.72
84.93,145.56
85.18,148.78
85.43,145.34
85.68,145.73
85.93,143.6
86.18,143.35
86.43,143.24
86.68,145.63
86.93,141.63
87.18,142.92
87.43,145.83
87.68,145.33
87.93,142.26
88.18,143.87
88.43,142.63
88.68,143.65
88.94,140.12
89.19,141.77
89.44,139.35
89.69,144.14
89.94,144.04
90.19,139.26
90.44,144.22
90.69,140.07
90.94,142.16
91.19,141.03
91.44,143.27
91.69,140.12
91.94,141.32
92.19,140.55
92.44,136.52
92.69,141.84
92.94,140.58
93.19,142.03
93.44,140.5
93.7,140.31
93.95,142.59
94.2,141.1
94.45,136.98
94.7,137.72
94.95,135.94
95.2,142.07
95.45,140.37
95.7,142.34
95.95,141.92
96.2,141.2
96.45,138.96
96.7,138.74
96.95,144.51
97.2,142.08
97.45,141.66
97.7,141.26
97.95,142.03
98.2,144.41
98.46,143.31
98.71,142.99
98.96,143.96
99.21,143.15
99.46,140.95
99.71,142.54
99.96,142.87
100.21,144.01
100.46,143.04
100.71,140.89
100.96,142.61
101.21,143.85
101.46,146.06
101.71,144.46
101.96,142.06
102.21,146.55
102.46,144.9
102.71,150.78
102.96,146.17
103.22,145.04
103.47,147.68
103.72,147.99
103.97,148.24
104.22,148.37
104.47,148.21
104.72,145.02
104.97,148.41
105.22,146.82
105.47,146.31
105.72,147.03
105.97,142.79
106.22,145.77
106.47,147.88
106.72,145.21
106.97,149.35
107.22,148.83
107.47,145.13
107.72,145.95
107.97,143.07
108.23,146.53
108.48,145.85
108.73,148.26
108.98,146.85
109.23,145.84
109.48,146.37
109.73,147.36
109.98,145.22
110.23,151.53
110.48,146.7
110.73,142.92
110.98,145.32
111.23,145.99
111.48,144.34
111.73,142.53
111.98,143.73
112.23,144.77
112.48,144.81
112.73,147.04
112.99,141.01
113.24,145.25
113.49,141.99
113.74,139.34
113.99,141.81
114.24,144.92
114.49,140.81
114.74,142.63
114.99,143.42
115.24,139.83
115.49,139.64
115.74,143.13
115.99,141.85
116.24,142.19
116.49,139.58
116.74,142.56
116.99,141.54
117.24,139.83
117.49,138.46
117.75,138.43
118.0,140.69
118.25,137.3
118.5,139.17
118.75,141.2
119.0,139.12
119.25,142.48
119.5,140.92
119.75,141.44
120.0,139.17
